title,title_orig,discount_price,discount_price_currency,retail_price,retail_price_currency,discount_price_in_original_currency,nb_cart_orders_approx,nb_units_purchased_approx,uses_ad_boosts,rating,rating_count,rating_five_count,rating_four_count,rating_three_count,rating_two_count,rating_one_count,badges_count,badge_local_product,badge_product_quality,badge_fast_shipping,tags,product_color,product_variation_size_id,product_variation_inventory,shipping_option_name,shipping_option_price,shipping_is_express,countries_shipped_to,inventory_total,has_urgency_banner,urgency_text,origin_country,merchant_title,merchant_name,merchant_info_subtitle,merchant_rating_count,merchant_rating,merchant_id,merchant_has_profile_picture,merchant_profile_picture,product_url,product_picture,product_id
"Anthony Ruivivar à la prestation de la Fondation des pompiers Denis Leary, Ny 10152001, par Cj Contino Celebrity","Anthony Ruivivar At Denis Leary Firefighters Foundation Benefit, Ny 10152001, By Cj Contino Celebrity",19.0,EUR,19.0,EUR,23,0,,,5.0,0.0,,,,,,,,,,,,8x10,50,Livraison standard,6.0,false,,50,,,US,Posterazzi,posterazzi,"77 % avis positifs (5,643 notes)",5643,3.8628389154704945,55c0deb64e6a0874f22b3167,,,https://www.wish.com/c/5b7b49353df96f37929476f1,https://canary.contestimg.wish.com/api/webimage/5b7b49353df96f37929476f1-medium.jpg,5b7b49353df96f37929476f1
"Stephen Baldwin et sa femme lors de la projection de prestations Atlantis, New York, 662001, par Cj Contino. ""Célébrité","Stephen Baldwin And His Wife At The Atlantis Benefit Screening, Nyc, 662001, By Cj Contino."" Celebrity",19.0,EUR,19.0,EUR,23,0,,,5.0,0.0,,,,,,,,,,,,8x10,50,Livraison standard,6.0,false,,50,,,US,Posterazzi,posterazzi,"77 % avis positifs (5,643 notes)",5643,3.8628389154704945,55c0deb64e6a0874f22b3167,,,https://www.wish.com/c/5b7af264633edf233498a647,https://canary.contestimg.wish.com/api/webimage/5b7af264633edf233498a647-medium.jpg,5b7af264633edf233498a647
"Sara Rue aux arrivées pour la 8e prestation annuelle de la Fondation Lili Claire, le Beverly Hilton, Beverly Hills, Californie, le 15 octobre 2005. Photo de Michael GermanaEverett Collection Celebrity","Sara Rue At Arrivals For 8Th Annual Lili Claire Foundation Benefit, The Beverly Hilton, Beverly Hills, Ca, October 15, 2005. Photo By Michael GermanaEverett Collection Celebrity",19.0,EUR,19.0,EUR,23,0,,,5.0,0.0,,,,,,,,,,,,8x10,50,Livraison standard,6.0,false,,50,,,US,Posterazzi,posterazzi,"77 % avis positifs (5,643 notes)",5643,3.8628389154704945,55c0deb64e6a0874f22b3167,,,https://www.wish.com/c/5b7abbce1cbc836c3daf589d,https://canary.contestimg.wish.com/api/webimage/5b7abbce1cbc836c3daf589d-medium.jpg,5b7abbce1cbc836c3daf589d
"Rihanna aux arrivées pour la 69e prestation annuelle Parsons, Pier Sixty à Chelsea Piers, New York, Ny, 22 mai 2017. Photo par Kristin CallahanEverett Collection Celebrity","Rihanna At Arrivals For 69Th Annual Parsons Benefit, Pier Sixty At Chelsea Piers, New York, Ny May 22, 2017. Photo By Kristin CallahanEverett Collection Celebrity",21.0,EUR,21.0,EUR,25,1,,,5.0,0.0,,,,,,,,,,,,8x10,50,Livraison standard,7.0,false,,50,,,US,Posterazzi,posterazzi,"77 % avis positifs (5,643 notes)",5643,3.8628389154704945,55c0deb64e6a0874f22b3167,,,https://www.wish.com/c/5b7a7cecb97c8f4a3fc0aec1,https://canary.contestimg.wish.com/api/webimage/5b7a7cecb97c8f4a3fc0aec1-medium.jpg,5b7a7cecb97c8f4a3fc0aec1
"Scott Cohen aux arrivées pour la prestation inaugurale de la Fondation Adrienne Shelly - After Party, Bella'S au Bar Martignetti, New York, Ny, 12 novembre 2007. Photo de Patrick CallahanEverett Collection Celebrity","Scott Cohen At Arrivals For Adrienne Shelly Foundation Inaugural Benefit - After Party, Bella'S At Bar Martignetti, New York, Ny, November 12, 2007. Photo By Patrick CallahanEverett Collection Celebrity",21.0,EUR,21.0,EUR,25,0,,,5.0,0.0,,,,,,,,,,,,8x10,50,Livraison standard,6.0,false,,50,,,US,Posterazzi,posterazzi,"77 % avis positifs (5,643 notes)",5643,3.8628389154704945,55c0deb64e6a0874f22b3167,,,https://www.wish.com/c/5b7b41bf1272143866841a60,https://canary.contestimg.wish.com/api/webimage/5b7b41bf1272143866841a60-medium.jpg,5b7b41bf1272143866841a60
"Kevin Bacon, Kyra Sedgwick aux arrivées pour apporter votre cœur à notre maison John Varvatos s'associe à Converse pour la 7e prestation annuelle de Stuart House, John Varvatos Boutique, Los Angeles, Ca, 08 mars 2009. Photo de Dee CerconeEverett","Kevin Bacon, Kyra Sedgwick At Arrivals For Bring Your Heart To Our House John Varvatos Partners With Converse For The 7Th Annual Stuart House Benefit, John Varvatos Boutique, Los Angeles, Ca March 08, 2009. Photo By Dee CerconeEverett",19.0,EUR,19.0,EUR,23,0,,,5.0,0.0,,,,,,,,,,,,8x10,50,Livraison standard,6.0,false,,50,,,US,Posterazzi,posterazzi,"77 % avis positifs (5,643 notes)",5643,3.8628389154704945,55c0deb64e6a0874f22b3167,,,https://www.wish.com/c/5b7a5c101de6b91466ccedd6,https://canary.contestimg.wish.com/api/webimage/5b7a5c101de6b91466ccedd6-medium.jpg,5b7a5c101de6b91466ccedd6
"Patti Labelle, Natalie Cole, Aisha Morris aux arrivées pour Angel Ball Prestation pour la Fondation G&P pour la recherche sur le cancer, New York Marriott Marquis Hotel, New York, Ny, 14 novembre 2005. Photo par Rob RichEverett Collection Celebrity","Patti Labelle, Natalie Cole, Aisha Morris At Arrivals For Angel Ball Benefit For G&P Foundation For Cancer Research, New York Marriott Marquis Hotel, New York, Ny, November 14, 2005. Photo By Rob RichEverett Collection Celebrity",19.0,EUR,19.0,EUR,23,0,,,5.0,0.0,,,,,,,,,,,,8x10,50,Livraison standard,6.0,false,,50,,,US,Posterazzi,posterazzi,"77 % avis positifs (5,643 notes)",5643,3.8628389154704945,55c0deb64e6a0874f22b3167,,,https://www.wish.com/c/5b7b54bae4a91329e6182847,https://canary.contestimg.wish.com/api/webimage/5b7b54bae4a91329e6182847-medium.jpg,5b7b54bae4a91329e6182847
"Patti Labelle, Stevie Wonder aux arrivées pour Angel Ball Prestation pour G&P Foundation for Cancer Research, New York Marriott Marquis Hotel, New York, Ny, 14 novembre 2005. Photo par Rob RichEverett Collection Celebrity","Patti Labelle, Stevie Wonder At Arrivals For Angel Ball Benefit For G&P Foundation For Cancer Research, New York Marriott Marquis Hotel, New York, Ny, November 14, 2005. Photo By Rob RichEverett Collection Celebrity",19.0,EUR,19.0,EUR,23,0,,,5.0,0.0,,,,,,,,,,,,8x10,50,Livraison standard,6.0,false,,50,true,Quantité limitée !,US,Posterazzi,posterazzi,"77 % avis positifs (5,643 notes)",5643,3.8628389154704945,55c0deb64e6a0874f22b3167,,,https://www.wish.com/c/5b7abaaee8aa86171d3fd793,https://canary.contestimg.wish.com/api/webimage/5b7abaaee8aa86171d3fd793-medium.jpg,5b7abaaee8aa86171d3fd793
"Jaime Pressly aux arrivées pour Hot In Hollywood Prestation pour la Fondation Aids Healthcare et l'Armée du Salut Alegria House, Henry Fonda Music Box Theatre, Los Angeles, Californie, 18 août 2007. Photo de Dee Cercone","Jaime Pressly At Arrivals For Hot In Hollywood Benefit For Aids Healthcare Foundation And Salvation Army Alegria House, Henry Fonda Music Box Theatre, Los Angeles, Ca, August 18, 2007. Photo By Dee CerconeEverett Collection Celebrity",20.0,EUR,20.0,EUR,24,0,,,5.0,0.0,,,,,,,,,,,,8x10,50,Livraison standard,6.0,false,,50,,,US,Posterazzi,posterazzi,"77 % avis positifs (5,643 notes)",5643,3.8628389154704945,55c0deb64e6a0874f22b3167,,,https://www.wish.com/c/5b7b57e18501f42c587c5e79,https://canary.contestimg.wish.com/api/webimage/5b7b57e18501f42c587c5e79-medium.jpg,5b7b57e18501f42c587c5e79
"Kyra Sedgwick aux arrivées pour apporter votre cœur à notre maison John Varvatos s'associe à Converse pour le 7e bénéfice annuel de Stuart House, Boutique John Varvatos, Los Angeles, Ca, 08 mars 2009. Photo de Dee CerconeEverett Collection","Kyra Sedgwick At Arrivals For Bring Your Heart To Our House John Varvatos Partners With Converse For The 7Th Annual Stuart House Benefit, John Varvatos Boutique, Los Angeles, Ca March 08, 2009. Photo By Dee CerconeEverett Collection",20.0,EUR,20.0,EUR,24,0,,,5.0,0.0,,,,,,,,,,,,8x10,50,Livraison standard,6.0,false,,50,true,Quantité limitée !,US,Posterazzi,posterazzi,"77 % avis positifs (5,643 notes)",5643,3.8628389154704945,55c0deb64e6a0874f22b3167,,,https://www.wish.com/c/5b7ad356a140db6fc1ad7e83,https://canary.contestimg.wish.com/api/webimage/5b7ad356a140db6fc1ad7e83-medium.jpg,5b7ad356a140db6fc1ad7e83
"Matthew Broderick à la prestation de la Fondation des pompiers Denis Leary, Ny 10152001, par Cj Contino Celebrity","Matthew Broderick At Denis Leary Firefighters Foundation Benefit, Ny 10152001, By Cj Contino Celebrity",20.0,EUR,20.0,EUR,24,0,,,5.0,0.0,,,,,,,,,,,,8x10,50,Livraison standard,6.0,false,,50,,,US,Posterazzi,posterazzi,"77 % avis positifs (5,643 notes)",5643,3.8628389154704945,55c0deb64e6a0874f22b3167,,,https://www.wish.com/c/5b7aaf55623ed014ccc864aa,https://canary.contestimg.wish.com/api/webimage/5b7aaf55623ed014ccc864aa-medium.jpg,5b7aaf55623ed014ccc864aa
PERFORMANCE REV LIMITER LANCEMENT CONTRÔLE DE LA PUCE ÉCHAPPEMENT DE TIR À FEU DE TYPE B,PERFORMANCE REV LIMITER LAUNCH CONTROL CHIP TYPE B DRIFT FIRE SHOOTING EXHAUST,49.0,EUR,49.0,EUR,59.0,10,,,4.428571428571429,14.0,11,1,0,1,1,,,,,,,exhaustpipefire-breathingdevice,50,Livraison standard,12.0,false,,50,true,Quantité limitée !,CN,Beautychoices,lolgoon,"88 % avis positifs (3,386 notes)",3386,4.189899586532782,5af925699679c467d0450728,,,https://www.wish.com/c/5d3ff9a3fe55c85bc7da09df,https://canary.contestimg.wish.com/api/webimage/5d3ff9a3fe55c85bc7da09df-medium.jpg,5d3ff9a3fe55c85bc7da09df
"Rihanna aux arrivées pour la 69e prestation annuelle Parsons, Pier Sixty à Chelsea Piers, New York, Ny, 22 mai 2017. Photo par Eli Winston","Rihanna At Arrivals For 69Th Annual Parsons Benefit, Pier Sixty At Chelsea Piers, New York, Ny May 22, 2017. Photo By Eli WinstonEverett Collection Celebrity",21.0,EUR,21.0,EUR,25,0,,,5.0,0.0,,,,,,,,,,,,8x10,50,Livraison standard,7.0,false,,50,,,US,Posterazzi,posterazzi,"77 % avis positifs (5,643 notes)",5643,3.8628389154704945,55c0deb64e6a0874f22b3167,,,https://www.wish.com/c/5b7b6d4b0995197826ecd84a,https://canary.contestimg.wish.com/api/webimage/5b7b6d4b0995197826ecd84a-medium.jpg,5b7b6d4b0995197826ecd84a
"Michael J. Fox, épouse Tracy Pollan, et leur fils et leur fille à la projection de prestations d’Atlantis, New York, 6062001. ""Célébrité","Michael J. Fox, Wife Tracy Pollan, And Their Son And Daughter At The Atlantis Benefit Screening, Nyc, 6062001."" Celebrity",20.0,EUR,20.0,EUR,24,0,,,5.0,0.0,,,,,,,,,,,,10x8,50,Livraison standard,6.0,false,,50,,,US,Posterazzi,posterazzi,"77 % avis positifs (5,643 notes)",5643,3.8628389154704945,55c0deb64e6a0874f22b3167,,,https://www.wish.com/c/5b7b57267e94632b25c5c454,https://canary.contestimg.wish.com/api/webimage/5b7b57267e94632b25c5c454-medium.jpg,5b7b57267e94632b25c5c454
HAUT QUANLITÉ Neuf Section Fouet wushu fouet équipement d'arts martiaux pour kungfu PERFORMANCE compétition jiujiebian,HIGH QUANLITY Nine Section Whip wushu whip martial art equipment for kungfu PERFORMANCE competition jiujiebian,32.0,EUR,38.0,EUR,38,10,,,4.5,32.0,26,2,1,0,3,,,,,,,142cm,50,Livraison standard,10.0,false,,50,,,CN,Jimmy Fashion Store,jimmyfashionstore,"93 % avis positifs (2,775 notes)",2775,4.351351351351352,56d53a11402e1322b5906bc9,,,https://www.wish.com/c/5b17a8993804b021c655c679,https://canary.contestimg.wish.com/api/webimage/5b17a8993804b021c655c679-medium.jpg,5b17a8993804b021c655c679
"Alan Cumming et Diane Sawyer à la prestation annuelle des Bailey House Key Awards, Ny 6182002, par Janet Mayer Celebrity","Alan Cumming And Diane Sawyer At Bailey House Key Awards Annual Benefit, Ny 6182002, By Janet Mayer Celebrity",21.0,EUR,21.0,EUR,25,0,,,5.0,0.0,,,,,,,,,,,,8x10,50,Livraison standard,7.0,false,,50,true,Quantité limitée !,US,Posterazzi,posterazzi,"77 % avis positifs (5,643 notes)",5643,3.8628389154704945,55c0deb64e6a0874f22b3167,,,https://www.wish.com/c/5b7b67bda07a390f12e67e03,https://canary.contestimg.wish.com/api/webimage/5b7b67bda07a390f12e67e03-medium.jpg,5b7b67bda07a390f12e67e03
"Denis Leary à la prestation de la Fondation des pompiers Denis Leary, Ny 10152001, par Cj Contino Celebrity","Denis Leary At Denis Leary Firefighters Foundation Benefit, Ny 10152001, By Cj Contino Celebrity",21.0,EUR,21.0,EUR,25,0,,,5.0,0.0,,,,,,,,,,,,8x10,50,Livraison standard,6.0,false,,50,,,US,Posterazzi,posterazzi,"77 % avis positifs (5,643 notes)",5643,3.8628389154704945,55c0deb64e6a0874f22b3167,,,https://www.wish.com/c/5b7af1ad657e7114b31f7a5b,https://canary.contestimg.wish.com/api/webimage/5b7af1ad657e7114b31f7a5b-medium.jpg,5b7af1ad657e7114b31f7a5b
"Alanis Morissette aux arrivées pour la prestation inaugurale de la Fondation Adrienne Shelly - After Party, Bella'S au Bar Martignetti, New York, Ny, 12 novembre 2007. Photo par Patrick CallahanEverett Collection Celebrity","Alanis Morissette At Arrivals For Adrienne Shelly Foundation Inaugural Benefit - After Party, Bella'S At Bar Martignetti, New York, Ny, November 12, 2007. Photo By Patrick CallahanEverett Collection Celebrity",21.0,EUR,21.0,EUR,25,0,,,5.0,0.0,,,,,,,,,,,,8x10,50,Livraison standard,7.0,false,,50,,,US,Posterazzi,posterazzi,"77 % avis positifs (5,643 notes)",5643,3.8628389154704945,55c0deb64e6a0874f22b3167,,,https://www.wish.com/c/5b7aad3b01938f14c095af8b,https://canary.contestimg.wish.com/api/webimage/5b7aad3b01938f14c095af8b-medium.jpg,5b7aad3b01938f14c095af8b
MODIFICATION DE VOITURE PERFORMANCE REV LIMITER LANCEMENT CONTRÔLE PUCE TYPE B DRIFT FIRE SHOOTING EXHAUST,CAR MODIFICATION PERFORMANCE REV LIMITER LAUNCH CONTROL CHIP TYPE B DRIFT FIRE SHOOTING EXHAUST,44.0,EUR,519.0,EUR,53.0,10,,,3.2222222222222223,9.0,3,2,1,0,3,,,,,,,exhaustpipefire-breathingdevice,45,Livraison standard,12.0,false,,45,,,CN,Fashionmushion,fashionmushion,"90 % avis positifs (1,004 notes)",1004,4.188247011952191,5d5bd20a1d86294aa7971565,,,https://www.wish.com/c/5d8b1d7442a98f7a4d90bc32,https://canary.contestimg.wish.com/api/webimage/5d8b1d7442a98f7a4d90bc32-medium.jpg,5d8b1d7442a98f7a4d90bc32
"Tyra Banks aux arrivées pour garder un enfant en vie 5e prestation annuelle de Black Ball, Hammerstein Ballroom, New York, Ny, 13 novembre 2008. Photo de Rob RichEverett Collection Celebrity","Tyra Banks At Arrivals For Keep A Child Alive 5Th Annual Black Ball Benefit, Hammerstein Ballroom, New York, Ny, November 13, 2008. Photo By Rob RichEverett Collection Celebrity",21.0,EUR,21.0,EUR,25,0,,,5.0,0.0,,,,,,,,,,,,8x10,50,Livraison standard,7.0,false,,50,,,US,Posterazzi,posterazzi,"77 % avis positifs (5,643 notes)",5643,3.8628389154704945,55c0deb64e6a0874f22b3167,,,https://www.wish.com/c/5b7b086af1b46071cd872f47,https://canary.contestimg.wish.com/api/webimage/5b7b086af1b46071cd872f47-medium.jpg,5b7b086af1b46071cd872f47
"Patti D'Arbanville à la prestation de la Fondation des pompiers Denis Leary, Ny 10152001, par Cj Contino Celebrity","Patti D'Arbanville At Denis Leary Firefighters Foundation Benefit, Ny 10152001, By Cj Contino Celebrity",21.0,EUR,21.0,EUR,25,0,,,5.0,0.0,,,,,,,,,,,,8x10,50,Livraison standard,7.0,false,,50,,,US,Posterazzi,posterazzi,"77 % avis positifs (5,643 notes)",5643,3.8628389154704945,55c0deb64e6a0874f22b3167,,,https://www.wish.com/c/5b7aefb99bc55a48615d2a78,https://canary.contestimg.wish.com/api/webimage/5b7aefb99bc55a48615d2a78-medium.jpg,5b7aefb99bc55a48615d2a78
Amis de One Hill Hill avec tasse de prestations,One Tree Hill Friends with Benefit Mug,22.0,EUR,22.0,EUR,26,2,,,5.0,1.0,1,0,0,0,0,,,,,,,,50,Livraison standard,7.0,false,,50,,,VN,TravelThings,travelthings,77 % avis positifs (164 notes),164,3.774390243902439,5e6df6e457af090300643fed,,,https://www.wish.com/c/5e73a07f1690d9383da3bc1e,https://canary.contestimg.wish.com/api/webimage/5e73a07f1690d9383da3bc1e-medium.jpg,5e73a07f1690d9383da3bc1e
"Ashley et Wynonna Judd au Youth Aids Benefit At Capitale à Manhattan, New York, le 23 septembre 2004. Célébrité","Ashley And Wynonna Judd At The Youth Aids Benefit At Capitale In Manhattan, N.Y. On September 23, 2004.  Celebrity",21.0,EUR,21.0,EUR,25,1,,,5.0,0.0,,,,,,,,,,,,8x10,50,Livraison standard,7.0,false,,50,,,US,Posterazzi,posterazzi,"77 % avis positifs (5,643 notes)",5643,3.8628389154704945,55c0deb64e6a0874f22b3167,,,https://www.wish.com/c/5b7aa54064195163d86573fe,https://canary.contestimg.wish.com/api/webimage/5b7aa54064195163d86573fe-medium.jpg,5b7aa54064195163d86573fe
"Rosie Perez et son mari Seth Rosenberg à la prestation de la Fondation des pompiers Denis Leary, Ny 10152001, par Cj Contino Celebrity","Rosie Perez And Husband Seth Rosenberg At Denis Leary Firefighters Foundation Benefit, Ny 10152001, By Cj Contino Celebrity",21.0,EUR,21.0,EUR,25,0,,,5.0,0.0,,,,,,,,,,,,10x8,50,Livraison standard,6.0,false,,50,true,Quantité limitée !,US,Posterazzi,posterazzi,"77 % avis positifs (5,643 notes)",5643,3.8628389154704945,55c0deb64e6a0874f22b3167,,,https://www.wish.com/c/5b7b243fef79a614bfd29b20,https://canary.contestimg.wish.com/api/webimage/5b7b243fef79a614bfd29b20-medium.jpg,5b7b243fef79a614bfd29b20
"Michelle Pfeiffer aux arrivées pour le réveillon du nouvel an Tribeca Film Institute Projection de prestations, le Ziegfeld Theatre, New York, Ny 7 décembre 2011. Photo par: Kristin Callahan / Everett Collection Photo Print","Michelle Pfeiffer At Arrivals For New Year'S Eve Tribeca Film Institute Benefit Screening, The Ziegfeld Theatre, New York, Ny December 7, 2011. Photo By: Kristin Callahan/Everett Collection Photo Print",22.0,EUR,22.0,EUR,26,0,,,5.0,0.0,,,,,,,,,,,,8x10,50,Livraison standard,7.0,false,,50,,,US,Posterazzi,posterazzi,"77 % avis positifs (5,643 notes)",5643,3.8628389154704945,55c0deb64e6a0874f22b3167,,,https://www.wish.com/c/5906f284e7c18430f60b86e1,https://canary.contestimg.wish.com/api/webimage/5906f284e7c18430f60b86e1-medium.jpg,5906f284e7c18430f60b86e1
Technicien d'entretien Ma plus grande réussite pour garder ma bouche fermée Chemise,Maintenance Technician My Greatest Accomplishment Keeping My Mouth Shut Shirt,15.0,EUR,41.0,EUR,17,0,,,5.0,0.0,,,,,,,,,,,black,s,50,Livraison standard,5.0,false,,50,,,CN,yuequanjun5555,yuequanjun5555,85 % avis positifs (665 notes),665,4.034586466165414,5b0fee330128754734df8816,,,https://www.wish.com/c/5d773fad2b0cec313dca6385,https://canary.contestimg.wish.com/api/webimage/5d773fad2b0cec313dca6385-medium.jpg,5d773fad2b0cec313dca6385
"Natasha Richardson à la prestation de la Fondation des pompiers Denis Leary, Ny 10152001, par Cj Contino Celebrity","Natasha Richardson At Denis Leary Firefighters Foundation Benefit, Ny 10152001, By Cj Contino Celebrity",19.0,EUR,19.0,EUR,23,0,,,5.0,0.0,,,,,,,,,,,,8x10,50,Livraison standard,6.0,false,,50,,,US,Posterazzi,posterazzi,"77 % avis positifs (5,643 notes)",5643,3.8628389154704945,55c0deb64e6a0874f22b3167,,,https://www.wish.com/c/5b7a78f81f804242779e6e27,https://canary.contestimg.wish.com/api/webimage/5b7a78f81f804242779e6e27-medium.jpg,5b7a78f81f804242779e6e27
"Daisy Fuentes aux arrivées pour la piste pour la vie troisième prestation annuelle, le Beverly Hilton Hotel, Beverly Hills, CA, 01 mai 2005. Photo par Effie NaddelEverett Collection Celebrity","Daisy Fuentes At Arrivals For Runway For Life Third Annual Benefit, The Beverly Hilton Hotel, Beverly Hills, Ca, May 01, 2005. Photo By Effie NaddelEverett Collection Celebrity",17.0,EUR,17.0,EUR,20,0,,,5.0,0.0,,,,,,,,,,,,8x10,50,Livraison standard,6.0,false,,50,,,US,Posterazzi,posterazzi,"77 % avis positifs (5,643 notes)",5643,3.8628389154704945,55c0deb64e6a0874f22b3167,,,https://www.wish.com/c/5b7aaf5869a0c914b6058b80,https://canary.contestimg.wish.com/api/webimage/5b7aaf5869a0c914b6058b80-medium.jpg,5b7aaf5869a0c914b6058b80
"Matthew Perry aux arrivées pour la 8e prestation annuelle de la Fondation Lili Claire, le Beverly Hilton, Beverly Hills, Californie, le 15 octobre 2005. Photo de Michael GermanaEverett Collection Celebrity","Matthew Perry At Arrivals For 8Th Annual Lili Claire Foundation Benefit, The Beverly Hilton, Beverly Hills, Ca, October 15, 2005. Photo By Michael GermanaEverett Collection Celebrity",19.0,EUR,19.0,EUR,22,0,,,5.0,0.0,,,,,,,,,,,,8x10,50,Livraison standard,5.0,false,,50,true,Quantité limitée !,US,Posterazzi,posterazzi,"77 % avis positifs (5,643 notes)",5643,3.8628389154704945,55c0deb64e6a0874f22b3167,,,https://www.wish.com/c/590e233d4670625f5d4c3f72,https://canary.contestimg.wish.com/api/webimage/590e233d4670625f5d4c3f72-medium.jpg,590e233d4670625f5d4c3f72
"Kyra Sedgwick aux arrivées pour apporter votre cœur à notre maison John Varvatos s'associe à Converse pour le 7e bénéfice annuel de Stuart House, Boutique John Varvatos, Los Angeles, Ca, 08 mars 2009. Photo de Dee CerconeEverett Collection","Kyra Sedgwick At Arrivals For Bring Your Heart To Our House John Varvatos Partners With Converse For The 7Th Annual Stuart House Benefit, John Varvatos Boutique, Los Angeles, Ca March 08, 2009. Photo By Dee CerconeEverett Collection",19.0,EUR,19.0,EUR,22,0,,,5.0,0.0,,,,,,,,,,,,8x10,50,Livraison standard,6.0,false,,50,,,US,Posterazzi,posterazzi,"77 % avis positifs (5,643 notes)",5643,3.8628389154704945,55c0deb64e6a0874f22b3167,,,https://www.wish.com/c/5b7b5d28a140db1d1a426a0a,https://canary.contestimg.wish.com/api/webimage/5b7b5d28a140db1d1a426a0a-medium.jpg,5b7b5d28a140db1d1a426a0a
"Emily Ratajkowski aux arrivées pour la 67ème prestation annuelle de mode Parsons, Jacob K. Javits Convention Center, New York, Ny 19 mai 2015. Photo par: Gregorio T. Binuya / Everett Collection Photo Print","Emily Ratajkowski At Arrivals For 67Th Annual Parsons Fashion Benefit, Jacob K. Javits Convention Center, New York, Ny May 19, 2015. Photo By: Gregorio T. Binuya/Everett Collection Photo Print",23.0,EUR,23.0,EUR,27,0,,,5.0,0.0,,,,,,,,,,,,8x10,50,Livraison standard,7.0,false,,50,true,Quantité limitée !,US,Posterazzi,posterazzi,"77 % avis positifs (5,643 notes)",5643,3.8628389154704945,55c0deb64e6a0874f22b3167,,,https://www.wish.com/c/590b5e3697b1685e36f1df7d,https://canary.contestimg.wish.com/api/webimage/590b5e3697b1685e36f1df7d-medium.jpg,590b5e3697b1685e36f1df7d
T-shirt for men up to 4xl mustang,T-shirt for men up to 4xl mustang,19.0,EUR,81.0,EUR,22,0,,,5.0,0.0,,,,,,,,,,,,men-s,50,Livraison standard,5.0,false,,50,,,CN,xuji1177,xuji1177,,0,5.0,5fd04c9d05ef5d43d0562806,,,https://www.wish.com/c/5ff2efe799237646aa7c6869,https://canary.contestimg.wish.com/api/webimage/5ff2efe799237646aa7c6869-medium.jpg,5ff2efe799237646aa7c6869
"Jessica Alba aux arrivées pour garder un enfant en vie 5e prestation annuelle de Black Ball, Hammerstein Ballroom, New York, Ny, 13 novembre 2008. Photo de Rob RichEverett Collection Celebrity","Jessica Alba At Arrivals For Keep A Child Alive 5Th Annual Black Ball Benefit, Hammerstein Ballroom, New York, Ny, November 13, 2008. Photo By Rob RichEverett Collection Celebrity",21.0,EUR,21.0,EUR,25,0,,,5.0,0.0,,,,,,,,,,,,8x10,50,Livraison standard,6.0,false,,50,,,US,Posterazzi,posterazzi,"77 % avis positifs (5,643 notes)",5643,3.8628389154704945,55c0deb64e6a0874f22b3167,,,https://www.wish.com/c/5b7acfa3f1b460575f875c0a,https://canary.contestimg.wish.com/api/webimage/5b7acfa3f1b460575f875c0a-medium.jpg,5b7acfa3f1b460575f875c0a
"Victoria Gotti à la prestation de la Fondation des pompiers Denis Leary, Ny 10152001, par Cj Contino Celebrity","Victoria Gotti At Denis Leary Firefighters Foundation Benefit, Ny 10152001, By Cj Contino Celebrity",19.0,EUR,19.0,EUR,22,0,,,5.0,0.0,,,,,,,,,,,,8x10,50,Livraison standard,6.0,false,,50,true,Quantité limitée !,US,Posterazzi,posterazzi,"77 % avis positifs (5,643 notes)",5643,3.8628389154704945,55c0deb64e6a0874f22b3167,,,https://www.wish.com/c/5b7af3aad5d37c7e78d159b7,https://canary.contestimg.wish.com/api/webimage/5b7af3aad5d37c7e78d159b7-medium.jpg,5b7af3aad5d37c7e78d159b7
"Emily Deschanel aux arrivées pour Hot In Hollywood Prestation pour la Fondation Aids Healthcare et l'Armée du Salut Alegria House, Henry Fonda Music Box Theatre, Los Angeles, Ca, 18 août 2007. Photo de Dee","Emily Deschanel At Arrivals For Hot In Hollywood Benefit For Aids Healthcare Foundation And Salvation Army Alegria House, Henry Fonda Music Box Theatre, Los Angeles, Ca, August 18, 2007. Photo By Dee",21.0,EUR,21.0,EUR,25,0,,,5.0,0.0,,,,,,,,,,,,8x10,50,Livraison standard,7.0,false,,50,,,US,Posterazzi,posterazzi,"77 % avis positifs (5,643 notes)",5643,3.8628389154704945,55c0deb64e6a0874f22b3167,,,https://www.wish.com/c/5b7a5883c7b7bc14a3dbc189,https://canary.contestimg.wish.com/api/webimage/5b7a5883c7b7bc14a3dbc189-medium.jpg,5b7a5883c7b7bc14a3dbc189
"Izabella Miko à la prestation de la Fondation des pompiers Denis Leary, Ny 10152001, par Cj Contino Celebrity","Izabella Miko At Denis Leary Firefighters Foundation Benefit, Ny 10152001, By Cj Contino Celebrity",19.0,EUR,19.0,EUR,23,0,,,5.0,0.0,,,,,,,,,,,,8x10,50,Livraison standard,6.0,false,,50,,,US,Posterazzi,posterazzi,"77 % avis positifs (5,643 notes)",5643,3.8628389154704945,55c0deb64e6a0874f22b3167,,,https://www.wish.com/c/5b7b00228d417914d4702870,https://canary.contestimg.wish.com/api/webimage/5b7b00228d417914d4702870-medium.jpg,5b7b00228d417914d4702870
"Ione Sky à la prestation de la Fondation des pompiers Denis Leary, Ny 10152001, par Cj Contino Celebrity","Ione Sky At Denis Leary Firefighters Foundation Benefit, Ny 10152001, By Cj Contino Celebrity",21.0,EUR,21.0,EUR,25,0,,,5.0,0.0,,,,,,,,,,,,8x10,50,Livraison standard,6.0,false,,50,,,US,Posterazzi,posterazzi,"77 % avis positifs (5,643 notes)",5643,3.8628389154704945,55c0deb64e6a0874f22b3167,,,https://www.wish.com/c/5b7b5ea63662e30fb6babfcd,https://canary.contestimg.wish.com/api/webimage/5b7b5ea63662e30fb6babfcd-medium.jpg,5b7b5ea63662e30fb6babfcd
"Diane Sawyer à la prestation annuelle des Bailey House Key Awards, NY 6182002, par Janet Mayer Celebrity","Diane Sawyer At Bailey House Key Awards Annual Benefit, Ny 6182002, By Janet Mayer Celebrity",19.0,EUR,19.0,EUR,22,0,,,5.0,0.0,,,,,,,,,,,,8x10,50,Livraison standard,6.0,false,,50,true,Quantité limitée !,US,Posterazzi,posterazzi,"77 % avis positifs (5,643 notes)",5643,3.8628389154704945,55c0deb64e6a0874f22b3167,,,https://www.wish.com/c/5b7accd977906914ce350719,https://canary.contestimg.wish.com/api/webimage/5b7accd977906914ce350719-medium.jpg,5b7accd977906914ce350719
"Kyra Sedgwick aux arrivées pour apporter votre cœur à notre maison John Varvatos s'associe à Converse pour le 7e bénéfice annuel de Stuart House, Boutique John Varvatos, Los Angeles, Ca, 08 mars 2009. Photo de Dee CerconeEverett Collection","Kyra Sedgwick At Arrivals For Bring Your Heart To Our House John Varvatos Partners With Converse For The 7Th Annual Stuart House Benefit, John Varvatos Boutique, Los Angeles, Ca March 08, 2009. Photo By Dee CerconeEverett Collection",19.0,EUR,19.0,EUR,23,0,,,5.0,0.0,,,,,,,,,,,,8x10,50,Livraison standard,6.0,false,,50,,,US,Posterazzi,posterazzi,"77 % avis positifs (5,643 notes)",5643,3.8628389154704945,55c0deb64e6a0874f22b3167,,,https://www.wish.com/c/5b7a8022761e0714dead631f,https://canary.contestimg.wish.com/api/webimage/5b7a8022761e0714dead631f-medium.jpg,5b7a8022761e0714dead631f
"Daisy Fuentes aux arrivées pour la piste pour la vie troisième prestation annuelle, le Beverly Hilton Hotel, Beverly Hills, CA, 01 mai 2005. Photo par Effie NaddelEverett Collection Celebrity","Daisy Fuentes At Arrivals For Runway For Life Third Annual Benefit, The Beverly Hilton Hotel, Beverly Hills, Ca, May 01, 2005. Photo By Effie NaddelEverett Collection Celebrity",19.0,EUR,19.0,EUR,23,0,,,5.0,0.0,,,,,,,,,,,,8x10,50,Livraison standard,6.0,false,,50,,,US,Posterazzi,posterazzi,"77 % avis positifs (5,643 notes)",5643,3.8628389154704945,55c0deb64e6a0874f22b3167,,,https://www.wish.com/c/5b7b16759c3a9f14ce042c99,https://canary.contestimg.wish.com/api/webimage/5b7b16759c3a9f14ce042c99-medium.jpg,5b7b16759c3a9f14ce042c99
"prestation, French Dictionary, Men's Short Sleeve Round Neck T-shirt 00009","prestation, French Dictionary, Men's Short Sleeve Round Neck T-shirt 00009",14.0,EUR,34.0,EUR,16,0,,,5.0,0.0,,,,,,,,,,,,men-s,50,Livraison standard,5.0,false,,50,,,CN,wangxinying77303,wangxinying77303,100 % avis positifs (1 notes),1,3.0,5fd1d9f45f13e02133c19823,,,https://www.wish.com/c/601119883825f2f55a8cb5f6,https://canary.contestimg.wish.com/api/webimage/601119883825f2f55a8cb5f6-medium.jpg,601119883825f2f55a8cb5f6
"Bonnie Somerville aux arrivées pour la 8e prestation annuelle de la Fondation Lili Claire, le Beverly Hilton, Beverly Hills, Californie, le 15 octobre 2005. Photo de Michael GermanaEverett Collection Celebrity","Bonnie Somerville At Arrivals For 8Th Annual Lili Claire Foundation Benefit, The Beverly Hilton, Beverly Hills, Ca, October 15, 2005. Photo By Michael GermanaEverett Collection Celebrity",20.0,EUR,20.0,EUR,24,0,,,5.0,0.0,,,,,,,,,,,,8x10,50,Livraison standard,6.0,false,,50,,,US,Posterazzi,posterazzi,"77 % avis positifs (5,643 notes)",5643,3.8628389154704945,55c0deb64e6a0874f22b3167,,,https://www.wish.com/c/5b7ab5f0d5d37c1e8fd0d999,https://canary.contestimg.wish.com/api/webimage/5b7ab5f0d5d37c1e8fd0d999-medium.jpg,5b7ab5f0d5d37c1e8fd0d999
"Bruce Springsteen sur scène lors de la prestation d'une soirée magique à Waldorf, Autriche Photo Print","Bruce Springsteen performing on stage at the A Magical Evening Benefit in Waldorf, Austria Photo Print",21.0,EUR,21.0,EUR,25,0,,,5.0,0.0,,,,,,,,,,,,8x10,50,Livraison standard,7.0,false,,50,,,US,Posterazzi,posterazzi,"77 % avis positifs (5,643 notes)",5643,3.8628389154704945,55c0deb64e6a0874f22b3167,,,https://www.wish.com/c/59cc7732087e787c62fbbb80,https://canary.contestimg.wish.com/api/webimage/59cc7732087e787c62fbbb80-medium.jpg,59cc7732087e787c62fbbb80
Nikki Reed aux arrivées pour la première prestation annuelle du Diamond Ball pour la Fondation Clara Lionel Photo Print,Nikki Reed At Arrivals For First Annual Diamond Ball Benefit For The Clara Lionel Foundation Photo Print,21.0,EUR,21.0,EUR,25,0,,,5.0,0.0,,,,,,,,,,,,8x10,50,Livraison standard,7.0,false,,50,,,US,Posterazzi,posterazzi,"77 % avis positifs (5,643 notes)",5643,3.8628389154704945,55c0deb64e6a0874f22b3167,,,https://www.wish.com/c/59057a7698281c313bcb958c,https://canary.contestimg.wish.com/api/webimage/59057a7698281c313bcb958c-medium.jpg,59057a7698281c313bcb958c
"Ted Demme à la prestation de la Fondation des pompiers Denis Leary, Ny 10152001, par Cj Contino Celebrity","Ted Demme At Denis Leary Firefighters Foundation Benefit, Ny 10152001, By Cj Contino Celebrity",21.0,EUR,21.0,EUR,25,0,,,5.0,0.0,,,,,,,,,,,,8x10,50,Livraison standard,6.0,false,,50,true,Quantité limitée !,US,Posterazzi,posterazzi,"77 % avis positifs (5,643 notes)",5643,3.8628389154704945,55c0deb64e6a0874f22b3167,,,https://www.wish.com/c/5b7a8f8d9a2c5b14cf2a5650,https://canary.contestimg.wish.com/api/webimage/5b7a8f8d9a2c5b14cf2a5650-medium.jpg,5b7a8f8d9a2c5b14cf2a5650
"Blake Lively aux arrivées pour Swarovski Crystallized Concept Store Grande prestation d'ouverture pour Charity Water, Swarovski Crystallized Concept Store, New York, Ny 25 juin 2009. Photo par Desiree NavarroEverett Collection Celebrity","Blake Lively At Arrivals For Swarovski Crystallized Concept Store Grand Opening Benefit For Charity Water, Swarovski Crystallized Concept Store, New York, Ny June 25, 2009. Photo By Desiree NavarroEverett Collection Celebrity",21.0,EUR,21.0,EUR,25,0,,,5.0,0.0,,,,,,,,,,,,8x10,50,Livraison standard,6.0,false,,50,,,US,Posterazzi,posterazzi,"77 % avis positifs (5,643 notes)",5643,3.8628389154704945,55c0deb64e6a0874f22b3167,,,https://www.wish.com/c/5b7af0b80b125354c463d6cf,https://canary.contestimg.wish.com/api/webimage/5b7af0b80b125354c463d6cf-medium.jpg,5b7af0b80b125354c463d6cf
"Matthew Perry aux arrivées pour la 8e prestation annuelle de la Fondation Lili Claire, le Beverly Hilton, Beverly Hills, Californie, le 15 octobre 2005. Photo de Michael GermanaEverett Collection Celebrity","Matthew Perry At Arrivals For 8Th Annual Lili Claire Foundation Benefit, The Beverly Hilton, Beverly Hills, Ca, October 15, 2005. Photo By Michael GermanaEverett Collection Celebrity",21.0,EUR,21.0,EUR,25,0,,,5.0,0.0,,,,,,,,,,,,8x10,50,Livraison standard,6.0,false,,50,,,US,Posterazzi,posterazzi,"77 % avis positifs (5,643 notes)",5643,3.8628389154704945,55c0deb64e6a0874f22b3167,,,https://www.wish.com/c/5b7b1197dc39c641e25fb6fa,https://canary.contestimg.wish.com/api/webimage/5b7b1197dc39c641e25fb6fa-medium.jpg,5b7b1197dc39c641e25fb6fa
"Bryce Dallas Howard aux arrivées pour Glamour Reel Moments Projection de prestations pour Filmaid International présenté par Cartier, directeur de la Dga Guild Of America Theatre, Los Angeles, Californie, le 16 octobre 2006. Photo de Michael GermanaEverett","Bryce Dallas Howard At Arrivals For Glamour Reel Moments Benefit Screening For Filmaid International Presented By Cartier, Dga Director'S Guild Of America Theatre, Los Angeles, Ca, October 16, 2006. Photo By Michael GermanaEverett",19.0,EUR,19.0,EUR,23,0,,,5.0,0.0,,,,,,,,,,,,8x10,50,Livraison standard,6.0,false,,50,,,US,Posterazzi,posterazzi,"77 % avis positifs (5,643 notes)",5643,3.8628389154704945,55c0deb64e6a0874f22b3167,,,https://www.wish.com/c/5b7aba006e6dc214ac9438d5,https://canary.contestimg.wish.com/api/webimage/5b7aba006e6dc214ac9438d5-medium.jpg,5b7aba006e6dc214ac9438d5
"Rihanna aux arrivées pour la 69e prestation annuelle Parsons, Pier Sixty à Chelsea Piers, New York, Ny, 22 mai 2017. Photo par Eli Winston","Rihanna At Arrivals For 69Th Annual Parsons Benefit, Pier Sixty At Chelsea Piers, New York, Ny May 22, 2017. Photo By Eli WinstonEverett Collection Celebrity",20.0,EUR,20.0,EUR,24,0,,,5.0,0.0,,,,,,,,,,,,8x10,50,Livraison standard,6.0,false,,50,,,US,Posterazzi,posterazzi,"77 % avis positifs (5,643 notes)",5643,3.8628389154704945,55c0deb64e6a0874f22b3167,,,https://www.wish.com/c/5b7b77d3d5294640ed2f9dc6,https://canary.contestimg.wish.com/api/webimage/5b7b77d3d5294640ed2f9dc6-medium.jpg,5b7b77d3d5294640ed2f9dc6
"Chloe Sevigny aux arrivées pour Swarovski Crystallized Concept Store Grande prestation d'ouverture pour Charity Water, Swarovski Crystallized Concept Store, New York, NY 25 juin 2009. Photo par Desiree NavarroEverett Collection Celebrity","Chloe Sevigny At Arrivals For Swarovski Crystallized Concept Store Grand Opening Benefit For Charity Water, Swarovski Crystallized Concept Store, New York, Ny June 25, 2009. Photo By Desiree NavarroEverett Collection Celebrity",21.0,EUR,21.0,EUR,25,0,,,5.0,0.0,,,,,,,,,,,,8x10,50,Livraison standard,7.0,false,,50,,,US,Posterazzi,posterazzi,"77 % avis positifs (5,643 notes)",5643,3.8628389154704945,55c0deb64e6a0874f22b3167,,,https://www.wish.com/c/5b7aaa61d619f72a71e19a21,https://canary.contestimg.wish.com/api/webimage/5b7aaa61d619f72a71e19a21-medium.jpg,5b7aaa61d619f72a71e19a21
1 paire de loup MOTORSPORT PERFORMANCE autocollant de porte de voiture pour FORD FOCUS 2 focus 3 Mondeo Fiesta Kuga MK2 MK3,1 Pair Wolf MOTORSPORT PERFORMANCE Car Door sticker For FORD FOCUS 2 focus 3 Mondeo Fiesta Kuga MK2 MK3,12.0,EUR,12.0,EUR,14,10,,,3.8333333333333335,12.0,5,3,2,1,1,,,,,,black&red,,50,Livraison standard,3.0,false,,50,,,CN,DP_Store,dp_store,"91 % avis positifs (4,502 notes)",4502,4.357174589071524,549c0f29b9b7e70cbc5394e8,,,https://www.wish.com/c/5757c87f518b4e608e5de640,https://canary.contestimg.wish.com/api/webimage/5757c87f518b4e608e5de640-medium.jpg,5757c87f518b4e608e5de640
"Calvin Klein aux arrivées pour la prestation d'été annuelle et vente aux enchères du moulin à eau, Watermill Centre, Watermill, New York, 30 juillet 2005. Photo de Rob RichEverett Collection Celebrity","Calvin Klein At Arrivals For Annual Watermill Summer Benefit And Auction, Watermill Center, Watermill, Ny, July 30, 2005. Photo By Rob RichEverett Collection Celebrity",19.0,EUR,19.0,EUR,22,0,,,5.0,0.0,,,,,,,,,,,,8x10,50,Livraison standard,5.0,false,,50,true,Quantité limitée !,US,Posterazzi,posterazzi,"77 % avis positifs (5,643 notes)",5643,3.8628389154704945,55c0deb64e6a0874f22b3167,,,https://www.wish.com/c/5b7b3acd5e5bce6f726a2652,https://canary.contestimg.wish.com/api/webimage/5b7b3acd5e5bce6f726a2652-medium.jpg,5b7b3acd5e5bce6f726a2652
"Kevin Bacon, Kyra Sedgwick aux arrivées pour apporter votre cœur à notre maison John Varvatos s'associe à Converse pour la 7e prestation annuelle de Stuart House, John Varvatos Boutique, Los Angeles, Ca, 08 mars 2009. Photo de Dee CerconeEverett","Kevin Bacon, Kyra Sedgwick At Arrivals For Bring Your Heart To Our House John Varvatos Partners With Converse For The 7Th Annual Stuart House Benefit, John Varvatos Boutique, Los Angeles, Ca March 08, 2009. Photo By Dee CerconeEverett",21.0,EUR,21.0,EUR,25,0,,,5.0,0.0,,,,,,,,,,,,8x10,50,Livraison standard,6.0,false,,50,,,US,Posterazzi,posterazzi,"77 % avis positifs (5,643 notes)",5643,3.8628389154704945,55c0deb64e6a0874f22b3167,,,https://www.wish.com/c/5b7b086abca6c04299c9708e,https://canary.contestimg.wish.com/api/webimage/5b7b086abca6c04299c9708e-medium.jpg,5b7b086abca6c04299c9708e
"Paul Rudd aux arrivées pour la 8e prestation annuelle de la Fondation Lili Claire, le Beverly Hilton, Beverly Hills, Californie, le 15 octobre 2005. Photo de Michael GermanaEverett Collection Celebrity","Paul Rudd At Arrivals For 8Th Annual Lili Claire Foundation Benefit, The Beverly Hilton, Beverly Hills, Ca, October 15, 2005. Photo By Michael GermanaEverett Collection Celebrity",20.0,EUR,20.0,EUR,24,0,,,5.0,0.0,,,,,,,,,,,,8x10,50,Livraison standard,6.0,false,,50,,,US,Posterazzi,posterazzi,"77 % avis positifs (5,643 notes)",5643,3.8628389154704945,55c0deb64e6a0874f22b3167,,,https://www.wish.com/c/5b7b7ab59bc55a7c6a36e7ce,https://canary.contestimg.wish.com/api/webimage/5b7b7ab59bc55a7c6a36e7ce-medium.jpg,5b7b7ab59bc55a7c6a36e7ce
2018 New Achievement Unlocked Fatherhood T-Shirt,2018 New Achievement Unlocked Fatherhood T-Shirt,22.0,EUR,43.0,EUR,26,1,,,5.0,1.0,1,0,0,0,0,,,,,,black,s,50,Livraison standard,7.0,false,,50,,,CN,baigang fashion,baigangfashion,80 % avis positifs (440 notes),440,3.8886363636363637,5416a85f82b9ac45ed73e492,,,https://www.wish.com/c/5b98bd6c9b77416c8f84f3e0,https://canary.contestimg.wish.com/api/webimage/5b98bd6c9b77416c8f84f3e0-medium.jpg,5b98bd6c9b77416c8f84f3e0
"Matthew Broderick à la prestation de la Fondation des pompiers Denis Leary, Ny 10152001, par Cj Contino Celebrity","Matthew Broderick At Denis Leary Firefighters Foundation Benefit, Ny 10152001, By Cj Contino Celebrity",21.0,EUR,21.0,EUR,25,0,,,5.0,0.0,,,,,,,,,,,,8x10,50,Livraison standard,6.0,false,,50,true,Quantité limitée !,US,Posterazzi,posterazzi,"77 % avis positifs (5,643 notes)",5643,3.8628389154704945,55c0deb64e6a0874f22b3167,,,https://www.wish.com/c/5b7b293af3db9d44126896e0,https://canary.contestimg.wish.com/api/webimage/5b7b293af3db9d44126896e0-medium.jpg,5b7b293af3db9d44126896e0
"Rihanna aux arrivées pour la 69e prestation annuelle Parsons, Pier Sixty à Chelsea Piers, New York, Ny, 22 mai 2017. Photo par Eli Winston","Rihanna At Arrivals For 69Th Annual Parsons Benefit, Pier Sixty At Chelsea Piers, New York, Ny May 22, 2017. Photo By Eli WinstonEverett Collection Celebrity",21.0,EUR,21.0,EUR,25,0,,,5.0,0.0,,,,,,,,,,,,8x10,50,Livraison standard,7.0,false,,50,true,Quantité limitée !,US,Posterazzi,posterazzi,"77 % avis positifs (5,643 notes)",5643,3.8628389154704945,55c0deb64e6a0874f22b3167,,,https://www.wish.com/c/5b7b6bacc1738b7066d8f840,https://canary.contestimg.wish.com/api/webimage/5b7b6bacc1738b7066d8f840-medium.jpg,5b7b6bacc1738b7066d8f840
"Blake Lively aux arrivées pour Swarovski Crystallized Concept Store Grande prestation d'ouverture pour Charity Water, Swarovski Crystallized Concept Store, New York, Ny 25 juin 2009. Photo par Desiree NavarroEverett Collection Celebrity","Blake Lively At Arrivals For Swarovski Crystallized Concept Store Grand Opening Benefit For Charity Water, Swarovski Crystallized Concept Store, New York, Ny June 25, 2009. Photo By Desiree NavarroEverett Collection Celebrity",20.0,EUR,20.0,EUR,24,0,,,5.0,0.0,,,,,,,,,,,,8x10,50,Livraison standard,6.0,false,,50,true,Quantité limitée !,US,Posterazzi,posterazzi,"77 % avis positifs (5,643 notes)",5643,3.8628389154704945,55c0deb64e6a0874f22b3167,,,https://www.wish.com/c/590c41d5f24ba92cabda15b5,https://canary.contestimg.wish.com/api/webimage/590c41d5f24ba92cabda15b5-medium.jpg,590c41d5f24ba92cabda15b5
"Arielle Kebbel aux arrivées pour Glamour Reel Moments Projection de prestations pour Filmaid International présenté par Cartier, directeur de la Dga Guild Of America Theatre, Los Angeles, Californie, le 16 octobre 2006. Photo de Michael GermanaEverett","Arielle Kebbel At Arrivals For Glamour Reel Moments Benefit Screening For Filmaid International Presented By Cartier, Dga Director'S Guild Of America Theatre, Los Angeles, Ca, October 16, 2006. Photo By Michael GermanaEverett",21.0,EUR,21.0,EUR,25,0,,,5.0,0.0,,,,,,,,,,,,8x10,50,Livraison standard,7.0,false,,50,true,Quantité limitée !,US,Posterazzi,posterazzi,"77 % avis positifs (5,643 notes)",5643,3.8628389154704945,55c0deb64e6a0874f22b3167,,,https://www.wish.com/c/5b7aabba68d6124dc4a640d1,https://canary.contestimg.wish.com/api/webimage/5b7aabba68d6124dc4a640d1-medium.jpg,5b7aabba68d6124dc4a640d1
NOUVELLE COMMANDE DE LANCEMENT DE LIMITEUR DE RÉV.,NEW DRIFT FIRE SHOOTING EXHAUST PERFORMANCE REV LIMITER LAUNCH CONTROL TYPE B,52.0,EUR,52.0,EUR,63.0,3,,,4.0,1.0,0,1,0,0,0,,,,,,,exhaustpipefire-breathingdevice,26,Livraison standard,12.0,false,,26,true,Quantité limitée !,CN,shenzhenchuangyiyuan,shenzhenchuangyiyuan,"92 % avis positifs (5,748 notes)",5748,4.356819763395964,5ae863969c15ff20ebec7c50,,,https://www.wish.com/c/5d567d912736782e056e035e,https://canary.contestimg.wish.com/api/webimage/5d567d912736782e056e035e-medium.jpg,5d567d912736782e056e035e
"Michael J. Fox à la projection de prestations Atlantis, New York, 6062001, par Cj Contino. ""Célébrité","Michael J. Fox At The Atlantis Benefit Screening, Nyc, 6062001, By Cj Contino."" Celebrity",20.0,EUR,20.0,EUR,24,0,,,5.0,0.0,,,,,,,,,,,,8x10,50,Livraison standard,6.0,false,,50,,,US,Posterazzi,posterazzi,"77 % avis positifs (5,643 notes)",5643,3.8628389154704945,55c0deb64e6a0874f22b3167,,,https://www.wish.com/c/5b7aaa39b0bfcf5c2488c4f4,https://canary.contestimg.wish.com/api/webimage/5b7aaa39b0bfcf5c2488c4f4-medium.jpg,5b7aaa39b0bfcf5c2488c4f4
"Clarence Williams Iii à la prestation de la Fondation des pompiers Denis Leary, Ny 10152001, par Cj Contino Celebrity","Clarence Williams Iii At Denis Leary Firefighters Foundation Benefit, Ny 10152001, By Cj Contino Celebrity",19.0,EUR,19.0,EUR,22,0,,,5.0,0.0,,,,,,,,,,,,8x10,50,Livraison standard,5.0,false,,50,true,Quantité limitée !,US,Posterazzi,posterazzi,"77 % avis positifs (5,643 notes)",5643,3.8628389154704945,55c0deb64e6a0874f22b3167,,,https://www.wish.com/c/5b7b039ada6fe643a536c8cf,https://canary.contestimg.wish.com/api/webimage/5b7b039ada6fe643a536c8cf-medium.jpg,5b7b039ada6fe643a536c8cf
"Patti D'Arbanville à la prestation de la Fondation des pompiers Denis Leary, Ny 10152001, par Cj Contino Celebrity","Patti D'Arbanville At Denis Leary Firefighters Foundation Benefit, Ny 10152001, By Cj Contino Celebrity",20.0,EUR,20.0,EUR,24,0,,,5.0,0.0,,,,,,,,,,,,8x10,50,Livraison standard,6.0,false,,50,,,US,Posterazzi,posterazzi,"77 % avis positifs (5,643 notes)",5643,3.8628389154704945,55c0deb64e6a0874f22b3167,,,https://www.wish.com/c/5b7acbb6641951577b65a6d5,https://canary.contestimg.wish.com/api/webimage/5b7acbb6641951577b65a6d5-medium.jpg,5b7acbb6641951577b65a6d5
T-shirt for men up to 4xl mustang,T-shirt for men up to 4xl mustang,19.0,EUR,19.0,EUR,23,0,,,5.0,0.0,,,,,,,,,,,,men-s,50,Livraison standard,6.0,false,,50,true,Quantité limitée !,CN,guoqianqian52828,guoqianqian52828,87 % avis positifs (23 notes),23,4.130434782608695,5f05b203d2ee9840006ab648,,,https://www.wish.com/c/5f363ad10e29c1004a0b3754,https://canary.contestimg.wish.com/api/webimage/5f363ad10e29c1004a0b3754-medium.jpg,5f363ad10e29c1004a0b3754
"Leelee Sobieski aux arrivées pour la prestation inaugurale de la Fondation Adrienne Shelly - After Party, Bella'S au Bar Martignetti, New York, Ny, 12 novembre 2007. Photo par Patrick CallahanEverett Collection Celebrity","Leelee Sobieski At Arrivals For Adrienne Shelly Foundation Inaugural Benefit - After Party, Bella'S At Bar Martignetti, New York, Ny, November 12, 2007. Photo By Patrick CallahanEverett Collection Celebrity",21.0,EUR,21.0,EUR,25,0,,,5.0,0.0,,,,,,,,,,,,8x10,50,Livraison standard,7.0,false,,50,,,US,Posterazzi,posterazzi,"77 % avis positifs (5,643 notes)",5643,3.8628389154704945,55c0deb64e6a0874f22b3167,,,https://www.wish.com/c/5b7a648b462ce714cc61d28d,https://canary.contestimg.wish.com/api/webimage/5b7a648b462ce714cc61d28d-medium.jpg,5b7a648b462ce714cc61d28d
"Michael Imperioli à la prestation de la Fondation des pompiers Denis Leary, Ny 10152001, par Cj Contino Celebrity","Michael Imperioli At Denis Leary Firefighters Foundation Benefit, Ny 10152001, By Cj Contino Celebrity",21.0,EUR,21.0,EUR,25,0,,,5.0,0.0,,,,,,,,,,,,8x10,50,Livraison standard,7.0,false,,50,,,US,Posterazzi,posterazzi,"77 % avis positifs (5,643 notes)",5643,3.8628389154704945,55c0deb64e6a0874f22b3167,,,https://www.wish.com/c/5b7adb3b1272142376dc5678,https://canary.contestimg.wish.com/api/webimage/5b7adb3b1272142376dc5678-medium.jpg,5b7adb3b1272142376dc5678
"Matt Dillon à la prestation de la Fondation des pompiers Denis Leary, Ny 10152001, par Cj Contino Celebrity","Matt Dillon At Denis Leary Firefighters Foundation Benefit, Ny 10152001, By Cj Contino Celebrity",20.0,EUR,20.0,EUR,24,0,,,5.0,0.0,,,,,,,,,,,,8x10,50,Livraison standard,6.0,false,,50,,,US,Posterazzi,posterazzi,"77 % avis positifs (5,643 notes)",5643,3.8628389154704945,55c0deb64e6a0874f22b3167,,,https://www.wish.com/c/5b7b71ee4b146e2d264a147b,https://canary.contestimg.wish.com/api/webimage/5b7b71ee4b146e2d264a147b-medium.jpg,5b7b71ee4b146e2d264a147b
Stevie Wonder à la prestation Comin Home To Harlem au Apollo Theatre de New York Impression photo,Stevie Wonder at the Comin Home To Harlem benefit at the Apollo Theater in new York City Photo Print,19.0,EUR,19.0,EUR,22,0,,,5.0,0.0,,,,,,,,,,,,8x10,50,Livraison standard,6.0,false,,50,,,US,Posterazzi,posterazzi,"77 % avis positifs (5,643 notes)",5643,3.8628389154704945,55c0deb64e6a0874f22b3167,,,https://www.wish.com/c/59cb7893dedf5f5c7388122a,https://canary.contestimg.wish.com/api/webimage/59cb7893dedf5f5c7388122a-medium.jpg,59cb7893dedf5f5c7388122a
"Stevie Wonder, Aisha Morris aux arrivées pour Angel Ball Prestation pour G&P Foundation for Cancer Research, New York Marriott Marquis Hotel, New York, Ny, 14 novembre 2005. Photo par Rob RichEverett Collection Celebrity","Stevie Wonder, Aisha Morris At Arrivals For Angel Ball Benefit For G&P Foundation For Cancer Research, New York Marriott Marquis Hotel, New York, Ny, November 14, 2005. Photo By Rob RichEverett Collection Celebrity",21.0,EUR,21.0,EUR,25,0,,,5.0,0.0,,,,,,,,,,,,8x10,50,Livraison standard,6.0,false,,50,,,US,Posterazzi,posterazzi,"77 % avis positifs (5,643 notes)",5643,3.8628389154704945,55c0deb64e6a0874f22b3167,,,https://www.wish.com/c/5b7ae0ee3df96f14c13f7602,https://canary.contestimg.wish.com/api/webimage/5b7ae0ee3df96f14c13f7602-medium.jpg,5b7ae0ee3df96f14c13f7602
Achievement Hunter Jouons au symbole T-shirts uniques pour hommes,Achievement Hunter Let's Play Symbol Unique Men's T-shirts,15.0,EUR,40.0,EUR,18,4,,,5.0,2.0,2,0,0,0,0,,,,,,black,m,50,Livraison standard,5.0,false,,50,,,CN,eleven88,eleven88,86 % avis positifs (488 notes),488,4.127049180327869,5aa00d730e63fa5967e7f202,,,https://www.wish.com/c/5ad803ba0548ea21dabf1fb6,https://canary.contestimg.wish.com/api/webimage/5ad803ba0548ea21dabf1fb6-medium.jpg,5ad803ba0548ea21dabf1fb6
"Emily Deschanel aux arrivées pour Hot In Hollywood pour la Fondation Aids Healthcare et hors du placard, le Henry Fonda Music Box Theatre, Los Angeles, Californie, 12 août 2006. Photo de Jeremy MontemagniEverett Collection Celebrity","Emily Deschanel At Arrivals For Hot In Hollywood Benefit For Aids Healthcare Foundation And Out Of The Closet, The Henry Fonda Music Box Theatre, Los Angeles, Ca, August 12, 2006. Photo By Jeremy MontemagniEverett Collection Celebrity",20.0,EUR,20.0,EUR,24,0,,,5.0,0.0,,,,,,,,,,,,8x10,50,Livraison standard,6.0,false,,50,true,Quantité limitée !,US,Posterazzi,posterazzi,"77 % avis positifs (5,643 notes)",5643,3.8628389154704945,55c0deb64e6a0874f22b3167,,,https://www.wish.com/c/5b7b590dd5d37c53547f8a86,https://canary.contestimg.wish.com/api/webimage/5b7b590dd5d37c53547f8a86-medium.jpg,5b7b590dd5d37c53547f8a86
Grosses soldes!! Crème d'agrandissement de la poitrine lisse gros buste gros seins sinueux,Hot Sale!! Breast Enhancement Enlargement Cream Smooth Big Bust Large Curvy Breast ,8.0,EUR,24.0,EUR,9,10,,,3.1666666666666665,6.0,2,0,2,1,1,,,,,,,,27,Livraison standard,3.0,false,,27,,,CN,bonjourjewelry,bonjourjewelry,"88 % avis positifs (43,182 notes)",43182,4.166527719883285,58ca520fd37951510a1b5342,,,https://www.wish.com/c/5b811830838adc162a240e72,https://canary.contestimg.wish.com/api/webimage/5b811830838adc162a240e72-medium.jpg,5b811830838adc162a240e72
"Chloe Sevigny aux arrivées pour Swarovski Crystallized Concept Store Grande prestation d'ouverture pour Charity Water, Swarovski Crystallized Concept Store, New York, NY 25 juin 2009. Photo de Desiree","Chloe Sevigny At Arrivals For Swarovski Crystallized Concept Store Grand Opening Benefit For Charity Water, Swarovski Crystallized Concept Store, New York, Ny June 25, 2009. Photo By Desiree",21.0,EUR,21.0,EUR,25,0,,,5.0,0.0,,,,,,,,,,,,8x10,50,Livraison standard,7.0,false,,50,,,US,Posterazzi,posterazzi,"77 % avis positifs (5,643 notes)",5643,3.8628389154704945,55c0deb64e6a0874f22b3167,,,https://www.wish.com/c/5b7a77d1eae25314d6e4df44,https://canary.contestimg.wish.com/api/webimage/5b7a77d1eae25314d6e4df44-medium.jpg,5b7a77d1eae25314d6e4df44
1.5 M accessoires de performance à la main bambou ventilateurs pliants danse voile de soie ventilateur fibre synthétique longue créative,1.5M Handmade Performance Props Bamboo Folding Fans Dance Silk Veils Fan Synthetic Fiber Long Creative,7.0,EUR,22.0,EUR,8,10,,,4.011627906976744,86.0,46,17,10,4,9,,,,,,green&rosered,,50,Livraison standard,2.0,false,,50,,,CN,ringringlee,ringringlee,"93 % avis positifs (10,456 notes)",10456,4.406752104055088,582d0acb0d446304013f7355,,,https://www.wish.com/c/5ac9ea7c16d94460184f1fc7,https://canary.contestimg.wish.com/api/webimage/5ac9ea7c16d94460184f1fc7-medium.jpg,5ac9ea7c16d94460184f1fc7
"Rihanna aux arrivées pour la 69e prestation annuelle Parsons, Pier Sixty à Chelsea Piers, New York, Ny, 22 mai 2017. Photo par Eli Winston","Rihanna At Arrivals For 69Th Annual Parsons Benefit, Pier Sixty At Chelsea Piers, New York, Ny May 22, 2017. Photo By Eli WinstonEverett Collection Celebrity",21.0,EUR,21.0,EUR,25,0,,,5.0,0.0,,,,,,,,,,,,8x10,50,Livraison standard,6.0,false,,50,,,US,Posterazzi,posterazzi,"77 % avis positifs (5,643 notes)",5643,3.8628389154704945,55c0deb64e6a0874f22b3167,,,https://www.wish.com/c/5b7abf6b40ef5414b2ea2388,https://canary.contestimg.wish.com/api/webimage/5b7abf6b40ef5414b2ea2388-medium.jpg,5b7abf6b40ef5414b2ea2388
"Emily Ratajkowski aux arrivées pour la 67ème prestation annuelle de mode Parsons, Jacob K. Javits Convention Center, New York, Ny 19 mai 2015. Photo par: Gregorio T. Binuya / Everett Collection Photo Print","Emily Ratajkowski At Arrivals For 67Th Annual Parsons Fashion Benefit, Jacob K. Javits Convention Center, New York, Ny May 19, 2015. Photo By: Gregorio T. Binuya/Everett Collection Photo Print",21.0,EUR,21.0,EUR,25,0,,,5.0,0.0,,,,,,,,,,,,8x10,50,Livraison standard,6.0,false,,50,,,US,Posterazzi,posterazzi,"77 % avis positifs (5,643 notes)",5643,3.8628389154704945,55c0deb64e6a0874f22b3167,,,https://www.wish.com/c/5908c57e8433fd2ad1e529f6,https://canary.contestimg.wish.com/api/webimage/5908c57e8433fd2ad1e529f6-medium.jpg,5908c57e8433fd2ad1e529f6
"Irina Pantaeva à la prestation de la Fondation des pompiers Denis Leary, Ny 10152001, par Cj Contino Celebrity","Irina Pantaeva At Denis Leary Firefighters Foundation Benefit, Ny 10152001, By Cj Contino Celebrity",20.0,EUR,20.0,EUR,24,0,,,5.0,0.0,,,,,,,,,,,,8x10,50,Livraison standard,6.0,false,,50,,,US,Posterazzi,posterazzi,"77 % avis positifs (5,643 notes)",5643,3.8628389154704945,55c0deb64e6a0874f22b3167,,,https://www.wish.com/c/5b7b2fd800e4c47a6454f241,https://canary.contestimg.wish.com/api/webimage/5b7b2fd800e4c47a6454f241-medium.jpg,5b7b2fd800e4c47a6454f241
Tournoi MINI Pétanque Party,Tournoi MINI Pétanque Party,332.0,EUR,332.0,EUR,402.0,0,,,5.0,0.0,,,,,,,,,,,,2tables,5,Livraison standard,12.0,false,,5,,,FR,MINI Petanque Party,minipetanqueparty,,0,5.0,5fd7de64c4413086bad2c917,,,https://www.wish.com/c/5fdf457f94a45e9a0cf70109,https://canary.contestimg.wish.com/api/webimage/5fdf457f94a45e9a0cf70109-medium.jpg,5fdf457f94a45e9a0cf70109
"Lydia Hearst aux arrivées pour la Fondation Candie's 4e événement annuel pour prévenir les prestations de grossesse chez les adolescentes, Restaurant Cipriani 42Nd Street, New York, Ny, 10 mai 2007. Photo par Ray TamarraEverett Collection Celebrity","Lydia Hearst At Arrivals For The Candie'S Foundation 4Th Annual Event To Prevent Teenage Pregnancy Benefit, Cipriani Restaurant 42Nd Street, New York, Ny, May 10, 2007. Photo By Ray TamarraEverett Collection Celebrity",20.0,EUR,20.0,EUR,24,0,,,5.0,0.0,,,,,,,,,,,,8x10,50,Livraison standard,6.0,false,,50,,,US,Posterazzi,posterazzi,"77 % avis positifs (5,643 notes)",5643,3.8628389154704945,55c0deb64e6a0874f22b3167,,,https://www.wish.com/c/5b7adbd19a2c5b47de2a02f0,https://canary.contestimg.wish.com/api/webimage/5b7adbd19a2c5b47de2a02f0-medium.jpg,5b7adbd19a2c5b47de2a02f0
"Lisa Kudrow aux arrivées pour Jon Lovitz Comedy Club Grande prestation d'ouverture, Universal Citywalk, Los Angeles, Ca, 28 mai 2009. Photo par: Dee Cercone / Everett Collection Photo Print","Lisa Kudrow At Arrivals For Jon Lovitz Comedy Club Grand Opening Benefit, Universal Citywalk, Los Angeles, Ca May 28, 2009. Photo By: Dee Cercone/Everett Collection Photo Print",21.0,EUR,21.0,EUR,25,0,,,5.0,0.0,,,,,,,,,,,,8x10,50,Livraison standard,7.0,false,,50,true,Quantité limitée !,US,Posterazzi,posterazzi,"77 % avis positifs (5,643 notes)",5643,3.8628389154704945,55c0deb64e6a0874f22b3167,,,https://www.wish.com/c/590477625af80a1f11166804,https://canary.contestimg.wish.com/api/webimage/590477625af80a1f11166804-medium.jpg,590477625af80a1f11166804
"Jaime Pressly aux arrivées pour Hot In Hollywood Prestation pour la Fondation Aids Healthcare et l'Armée du Salut Alegria House, Henry Fonda Music Box Theatre, Los Angeles, Californie, 18 août 2007. Photo de Dee Cercone","Jaime Pressly At Arrivals For Hot In Hollywood Benefit For Aids Healthcare Foundation And Salvation Army Alegria House, Henry Fonda Music Box Theatre, Los Angeles, Ca, August 18, 2007. Photo By Dee CerconeEverett Collection Celebrity",19.0,EUR,19.0,EUR,22,0,,,5.0,0.0,,,,,,,,,,,,8x10,50,Livraison standard,5.0,false,,50,,,US,Posterazzi,posterazzi,"77 % avis positifs (5,643 notes)",5643,3.8628389154704945,55c0deb64e6a0874f22b3167,,,https://www.wish.com/c/5b7a8d3968d6123db7a65d83,https://canary.contestimg.wish.com/api/webimage/5b7a8d3968d6123db7a65d83-medium.jpg,5b7a8d3968d6123db7a65d83
"Julianne Moore à la prestation de la Fondation des pompiers Denis Leary, Ny 10152001, par Cj Contino Celebrity","Julianne Moore At Denis Leary Firefighters Foundation Benefit, Ny 10152001, By Cj Contino Celebrity",19.0,EUR,19.0,EUR,23,0,,,5.0,0.0,,,,,,,,,,,,8x10,50,Livraison standard,6.0,false,,50,,,US,Posterazzi,posterazzi,"77 % avis positifs (5,643 notes)",5643,3.8628389154704945,55c0deb64e6a0874f22b3167,,,https://www.wish.com/c/5b7a987400e4c44bdb53c181,https://canary.contestimg.wish.com/api/webimage/5b7a987400e4c44bdb53c181-medium.jpg,5b7a987400e4c44bdb53c181
"prestation, French Dictionary, Men's Short Sleeve Rounded Neck T-shirt 00009","prestation, French Dictionary, Men's Short Sleeve Rounded Neck T-shirt 00009",14.0,EUR,14.0,EUR,16.95,0,,,5.0,0.0,,,,,,,,,,,black,m,50,Livraison Express,5.8,true,,50,,,FR,Ultrabasic,ultrabasic,93 % avis positifs (654 notes),654,4.458715596330276,59fb5ba4448a523c8418cd80,,,https://www.wish.com/c/59fb768642102e765189ec54,https://canary.contestimg.wish.com/api/webimage/59fb768642102e765189ec54-medium.jpg,59fb768642102e765189ec54
"Irina Pantaeva à la prestation de la Fondation des pompiers Denis Leary, Ny 10152001, par Cj Contino Celebrity","Irina Pantaeva At Denis Leary Firefighters Foundation Benefit, Ny 10152001, By Cj Contino Celebrity",21.0,EUR,21.0,EUR,25,0,,,5.0,0.0,,,,,,,,,,,,8x10,50,Livraison standard,7.0,false,,50,true,Quantité limitée !,US,Posterazzi,posterazzi,"77 % avis positifs (5,643 notes)",5643,3.8628389154704945,55c0deb64e6a0874f22b3167,,,https://www.wish.com/c/5b7b73dbda6fe67bbf3c0c2c,https://canary.contestimg.wish.com/api/webimage/5b7b73dbda6fe67bbf3c0c2c-medium.jpg,5b7b73dbda6fe67bbf3c0c2c
"Sara Gilbert aux arrivées pour la 8e prestation annuelle de la Fondation Lili Claire, le Beverly Hilton, Beverly Hills, Californie, le 15 octobre 2005. Photo de Michael GermanaEverett Collection Celebrity","Sara Gilbert At Arrivals For 8Th Annual Lili Claire Foundation Benefit, The Beverly Hilton, Beverly Hills, Ca, October 15, 2005. Photo By Michael GermanaEverett Collection Celebrity",19.0,EUR,19.0,EUR,23,0,,,5.0,0.0,,,,,,,,,,,,8x10,50,Livraison standard,6.0,false,,50,true,Quantité limitée !,US,Posterazzi,posterazzi,"77 % avis positifs (5,643 notes)",5643,3.8628389154704945,55c0deb64e6a0874f22b3167,,,https://www.wish.com/c/5b7ad3b4c7b7bc14a3dc1975,https://canary.contestimg.wish.com/api/webimage/5b7ad3b4c7b7bc14a3dc1975-medium.jpg,5b7ad3b4c7b7bc14a3dc1975
"Becki Newton aux arrivées pour Hot In Hollywood au profit de la Fondation Aids Healthcare et de l'Armée du Salut Alegria House, Henry Fonda Music Box Theatre, Los Angeles, CA, le 18 août 2007. Photo de Dee Cercone","Becki Newton At Arrivals For Hot In Hollywood Benefit For Aids Healthcare Foundation And Salvation Army Alegria House, Henry Fonda Music Box Theatre, Los Angeles, Ca, August 18, 2007. Photo By Dee CerconeEverett Collection Celebrity (",21.0,EUR,21.0,EUR,25,0,,,5.0,0.0,,,,,,,,,,,,8x10,50,Livraison standard,6.0,false,,50,true,Quantité limitée !,US,Posterazzi,posterazzi,"77 % avis positifs (5,643 notes)",5643,3.8628389154704945,55c0deb64e6a0874f22b3167,,,https://www.wish.com/c/5b7ad70924e4aa24c4d19b7e,https://canary.contestimg.wish.com/api/webimage/5b7ad70924e4aa24c4d19b7e-medium.jpg,5b7ad70924e4aa24c4d19b7e
Grosses soldes!! Crème d'agrandissement de la poitrine lisse gros buste gros seins sinueux,Hot Sale!! Breast Enhancement Enlargement Cream Smooth Big Bust Large Curvy Breast ,10.0,EUR,24.0,EUR,11,10,,,3.6666666666666665,3.0,1,0,2,0,0,,,,,,,,50,Livraison standard,2.0,false,,50,,,CN,OKbeat,redbeat,"92 % avis positifs (4,263 notes)",4263,4.348580811634998,5a32324a7ce75c3d31561f8d,,,https://www.wish.com/c/5b81187634083c18649364cc,https://canary.contestimg.wish.com/api/webimage/5b81187634083c18649364cc-medium.jpg,5b81187634083c18649364cc
Sèche-cheveux Braun HD 130 Satin Hair 1 1200W,Sèche-cheveux Braun HD 130 Satin Hair 1 1200W,21.0,EUR,21.0,EUR,25.03,0,,,5.0,0.0,,,,,,,,,,,,,50,Livraison standard,35.96,false,,50,true,Quantité limitée !,FR,Soukdeals,soukdeals,69 % avis positifs (13 notes),13,3.769230769230769,5a6e5ebe20231065bc89802b,,,https://www.wish.com/c/601fea9e9b440e85dbf12e44,https://canary.contestimg.wish.com/api/webimage/601fea9e9b440e85dbf12e44-medium.jpg,601fea9e9b440e85dbf12e44
"Joe Pantoliano à la prestation de la Fondation des pompiers Denis Leary, Ny 10152001, par Cj Contino Celebrity","Joe Pantoliano At Denis Leary Firefighters Foundation Benefit, Ny 10152001, By Cj Contino Celebrity",21.0,EUR,21.0,EUR,25,0,,,5.0,0.0,,,,,,,,,,,,8x10,50,Livraison standard,6.0,false,,50,,,US,Posterazzi,posterazzi,"77 % avis positifs (5,643 notes)",5643,3.8628389154704945,55c0deb64e6a0874f22b3167,,,https://www.wish.com/c/5b7a8d484e9a440f9cc652be,https://canary.contestimg.wish.com/api/webimage/5b7a8d484e9a440f9cc652be-medium.jpg,5b7a8d484e9a440f9cc652be
"Matthew Broderick à la prestation de la Fondation des pompiers Denis Leary, Ny 10152001, par Cj Contino Celebrity","Matthew Broderick At Denis Leary Firefighters Foundation Benefit, Ny 10152001, By Cj Contino Celebrity",21.0,EUR,21.0,EUR,25,0,,,5.0,0.0,,,,,,,,,,,,8x10,50,Livraison standard,6.0,false,,50,,,US,Posterazzi,posterazzi,"77 % avis positifs (5,643 notes)",5643,3.8628389154704945,55c0deb64e6a0874f22b3167,,,https://www.wish.com/c/5b7b0f8d4b146e4d49b2f94c,https://canary.contestimg.wish.com/api/webimage/5b7b0f8d4b146e4d49b2f94c-medium.jpg,5b7b0f8d4b146e4d49b2f94c
"Bonnie Somerville aux arrivées pour la 8e prestation annuelle de la Fondation Lili Claire, le Beverly Hilton, Beverly Hills, Californie, le 15 octobre 2005. Photo de Michael GermanaEverett Collection Celebrity","Bonnie Somerville At Arrivals For 8Th Annual Lili Claire Foundation Benefit, The Beverly Hilton, Beverly Hills, Ca, October 15, 2005. Photo By Michael GermanaEverett Collection Celebrity",19.0,EUR,19.0,EUR,22,0,,,5.0,0.0,,,,,,,,,,,,8x10,50,Livraison standard,6.0,false,,50,,,US,Posterazzi,posterazzi,"77 % avis positifs (5,643 notes)",5643,3.8628389154704945,55c0deb64e6a0874f22b3167,,,https://www.wish.com/c/5b7a7a1c841c1c3a6be601ff,https://canary.contestimg.wish.com/api/webimage/5b7a7a1c841c1c3a6be601ff-medium.jpg,5b7a7a1c841c1c3a6be601ff
Hommes à manches courtes en coton t-shirts ALPINA BMW PERFORMANCE RACING B5 B7 BITURBO TUNING imprimé graphique homme mode décontracté hauts noir,Men Short Sleeve Cotton T Shirts ALPINA BMW PERFORMANCE RACING B5 B7 BITURBO TUNING Printed Graphic Man Fashion Casual Tops Black,16.0,EUR,46.0,EUR,19,10,,,4.357142857142857,14.0,10,1,2,0,1,,,,,,blue,s,50,Livraison standard,6.0,false,,50,,,CN,efagvc Friday,efagvcfriday,89 % avis positifs (595 notes),595,4.137815126050421,54202e79f8abc805fd2ca9db,,,https://www.wish.com/c/5a14c2c1f34a9249effd3f72,https://canary.contestimg.wish.com/api/webimage/5a14c2c1f34a9249effd3f72-medium.jpg,5a14c2c1f34a9249effd3f72
"Penny Marshall à la prestation de la Fondation des pompiers Denis Leary, Ny 10152001, par Cj Contino Celebrity","Penny Marshall At Denis Leary Firefighters Foundation Benefit, Ny 10152001, By Cj Contino Celebrity",21.0,EUR,21.0,EUR,25,0,,,5.0,0.0,,,,,,,,,,,,8x10,50,Livraison standard,7.0,false,,50,,,US,Posterazzi,posterazzi,"77 % avis positifs (5,643 notes)",5643,3.8628389154704945,55c0deb64e6a0874f22b3167,,,https://www.wish.com/c/5b7ab1151cbc837671af33f5,https://canary.contestimg.wish.com/api/webimage/5b7ab1151cbc837671af33f5-medium.jpg,5b7ab1151cbc837671af33f5
PERFORMANCE REV LIMITER LANCEMENT CONTRÔLE DE LA PUCE ÉCHAPPEMENT DE TIR À FEU DE TYPE B,PERFORMANCE REV LIMITER LAUNCH CONTROL CHIP TYPE B DRIFT FIRE SHOOTING EXHAUST,48.0,EUR,48.0,EUR,58.0,1,,,5.0,0.0,,,,,,,,,,,black,,25,Livraison standard,12.0,false,,25,,,CN,hedgehog,hedgehog,"91 % avis positifs (42,227 notes)",42227,4.320316385251143,56ebcca215b340589dacdd8b,,,https://www.wish.com/c/5e67719e13843160f1cd2bd3,https://canary.contestimg.wish.com/api/webimage/5e67719e13843160f1cd2bd3-medium.jpg,5e67719e13843160f1cd2bd3
"Penny Marshall et Carol Kane à la prestation de la Fondation des pompiers Denis Leary, Ny 10152001, par Cj Contino Celebrity","Penny Marshall And Carol Kane At Denis Leary Firefighters Foundation Benefit, Ny 10152001, By Cj Contino Celebrity",21.0,EUR,21.0,EUR,25,0,,,5.0,0.0,,,,,,,,,,,,8x10,50,Livraison standard,7.0,false,,50,true,Quantité limitée !,US,Posterazzi,posterazzi,"77 % avis positifs (5,643 notes)",5643,3.8628389154704945,55c0deb64e6a0874f22b3167,,,https://www.wish.com/c/5b7a6e2edc192714cd12090c,https://canary.contestimg.wish.com/api/webimage/5b7a6e2edc192714cd12090c-medium.jpg,5b7a6e2edc192714cd12090c
"Bryce Dallas Howard aux arrivées pour Glamour Reel Moments Projection de prestations pour Filmaid International présenté par Cartier, directeur de la Dga Guild Of America Theatre, Los Angeles, Californie, le 16 octobre 2006. Photo de Michael GermanaEverett","Bryce Dallas Howard At Arrivals For Glamour Reel Moments Benefit Screening For Filmaid International Presented By Cartier, Dga Director'S Guild Of America Theatre, Los Angeles, Ca, October 16, 2006. Photo By Michael GermanaEverett",21.0,EUR,21.0,EUR,25,0,,,5.0,0.0,,,,,,,,,,,,8x10,50,Livraison standard,7.0,false,,50,,,US,Posterazzi,posterazzi,"77 % avis positifs (5,643 notes)",5643,3.8628389154704945,55c0deb64e6a0874f22b3167,,,https://www.wish.com/c/5b7a6d311719d63b6280a7eb,https://canary.contestimg.wish.com/api/webimage/5b7a6d311719d63b6280a7eb-medium.jpg,5b7a6d311719d63b6280a7eb
"prestation, French Dictionary, Women's Short Sleeve Rounded Neck T-shirt 00010","prestation, French Dictionary, Women's Short Sleeve Rounded Neck T-shirt 00010",14.0,EUR,14.0,EUR,16.95,0,,,5.0,0.0,,,,,,,,,,,black,m,50,Livraison Express,5.8,true,,50,,,FR,Ultrabasic,ultrabasic,93 % avis positifs (654 notes),654,4.458715596330276,59fb5ba4448a523c8418cd80,,,https://www.wish.com/c/59fb77465f63e25197f01221,https://canary.contestimg.wish.com/api/webimage/59fb77465f63e25197f01221-medium.jpg,59fb77465f63e25197f01221
"Arielle Kebbel aux arrivées pour Glamour Reel Moments Projection de prestations pour Filmaid International présenté par Cartier, directeur de la Dga Guild Of America Theatre, Los Angeles, Californie, le 16 octobre 2006. Photo de Michael GermanaEverett","Arielle Kebbel At Arrivals For Glamour Reel Moments Benefit Screening For Filmaid International Presented By Cartier, Dga Director'S Guild Of America Theatre, Los Angeles, Ca, October 16, 2006. Photo By Michael GermanaEverett",21.0,EUR,21.0,EUR,25,0,,,5.0,0.0,,,,,,,,,,,,8x10,50,Livraison standard,7.0,false,,50,,,US,Posterazzi,posterazzi,"77 % avis positifs (5,643 notes)",5643,3.8628389154704945,55c0deb64e6a0874f22b3167,,,https://www.wish.com/c/5b7b2b7bf1b4607e4b871f9c,https://canary.contestimg.wish.com/api/webimage/5b7b2b7bf1b4607e4b871f9c-medium.jpg,5b7b2b7bf1b4607e4b871f9c
"Luke Goss, Daisy Fuentes aux arrivées pour la piste pour la vie troisième prestation annuelle, le Beverly Hilton Hotel, Beverly Hills, CA, 01 mai 2005. Photo par Effie NaddelEverett Collection Celebrity","Luke Goss, Daisy Fuentes At Arrivals For Runway For Life Third Annual Benefit, The Beverly Hilton Hotel, Beverly Hills, Ca, May 01, 2005. Photo By Effie NaddelEverett Collection Celebrity",21.0,EUR,21.0,EUR,25,0,,,5.0,0.0,,,,,,,,,,,,8x10,50,Livraison standard,7.0,false,,50,,,US,Posterazzi,posterazzi,"77 % avis positifs (5,643 notes)",5643,3.8628389154704945,55c0deb64e6a0874f22b3167,,,https://www.wish.com/c/5b7ade7e9a61c8147a6c9792,https://canary.contestimg.wish.com/api/webimage/5b7ade7e9a61c8147a6c9792-medium.jpg,5b7ade7e9a61c8147a6c9792
"Sara Rue aux arrivées pour la 8e prestation annuelle de la Fondation Lili Claire, le Beverly Hilton, Beverly Hills, Californie, le 15 octobre 2005. Photo de Michael GermanaEverett Collection Celebrity","Sara Rue At Arrivals For 8Th Annual Lili Claire Foundation Benefit, The Beverly Hilton, Beverly Hills, Ca, October 15, 2005. Photo By Michael GermanaEverett Collection Celebrity",20.0,EUR,20.0,EUR,24,0,,,5.0,0.0,,,,,,,,,,,,8x10,50,Livraison standard,6.0,false,,50,,,US,Posterazzi,posterazzi,"77 % avis positifs (5,643 notes)",5643,3.8628389154704945,55c0deb64e6a0874f22b3167,,,https://www.wish.com/c/5b7a984f40ef5414b7ea0d29,https://canary.contestimg.wish.com/api/webimage/5b7a984f40ef5414b7ea0d29-medium.jpg,5b7a984f40ef5414b7ea0d29
"Matthew Perry aux arrivées pour la 8e prestation annuelle de la Fondation Lili Claire, le Beverly Hilton, Beverly Hills, Californie, le 15 octobre 2005. Photo de Michael GermanaEverett Collection Celebrity","Matthew Perry At Arrivals For 8Th Annual Lili Claire Foundation Benefit, The Beverly Hilton, Beverly Hills, Ca, October 15, 2005. Photo By Michael GermanaEverett Collection Celebrity",19.0,EUR,19.0,EUR,23,0,,,5.0,0.0,,,,,,,,,,,,8x10,50,Livraison standard,6.0,false,,50,true,Quantité limitée !,US,Posterazzi,posterazzi,"77 % avis positifs (5,643 notes)",5643,3.8628389154704945,55c0deb64e6a0874f22b3167,,,https://www.wish.com/c/5b7affd9a31d2d3fc942732d,https://canary.contestimg.wish.com/api/webimage/5b7affd9a31d2d3fc942732d-medium.jpg,5b7affd9a31d2d3fc942732d
Mens métallisé brillant paillettes Blazer / hommes One Button Dress Costume / Homme élégant luxe Punk Jacket Tuxedo pour le dîner de fête Parti mariage Prom scène de scène Costume Victoria Moyen-Age Médiéval,Mens Metallic Shiny Sequin Blazer / Men One Button Dress Suit /Man Stylish Luxury Punk Jacket Tuxedo for Party Dinner Party Wedding Prom Stage Performance Costume Victoria Middle Ages Medieval,28.0,EUR,28.0,EUR,33,10,,,4.144736842105263,76.0,45,12,11,1,7,,,,,,red,s,50,Livraison standard,8.0,false,,50,,,CN,"Women wardrobe Apparel Trade Co., Ltd.",womenwardrobeappareltradecoltd,"91 % avis positifs (21,794 notes)",21794,4.254611360925026,551c02310570552bbd036dbb,,,https://www.wish.com/c/5ba0cd76b9f97b6e519acb37,https://canary.contestimg.wish.com/api/webimage/5ba0cd76b9f97b6e519acb37-medium.jpg,5ba0cd76b9f97b6e519acb37
"Jesse L Martin à la prestation de la Fondation des pompiers Denis Leary, Ny 10152001, par Cj Contino Celebrity","Jesse L Martin At Denis Leary Firefighters Foundation Benefit, Ny 10152001, By Cj Contino Celebrity",19.0,EUR,19.0,EUR,22,0,,,5.0,0.0,,,,,,,,,,,,8x10,50,Livraison standard,5.0,false,,50,,,US,Posterazzi,posterazzi,"77 % avis positifs (5,643 notes)",5643,3.8628389154704945,55c0deb64e6a0874f22b3167,,,https://www.wish.com/c/5b7b0f532df0fa51aeb8f07e,https://canary.contestimg.wish.com/api/webimage/5b7b0f532df0fa51aeb8f07e-medium.jpg,5b7b0f532df0fa51aeb8f07e
"Robert Kennedy Jr. avec sa femme à la prestation Riverkeeper, New York, 4042001, par Cj Contino. Célébrité","Robert Kennedy Jr. With His Wife At The Riverkeeper Benefit, Nyc, 4042001, By Cj Contino. Celebrity",21.0,EUR,21.0,EUR,25,0,,,5.0,0.0,,,,,,,,,,,,10x8,50,Livraison standard,6.0,false,,50,true,Quantité limitée !,US,Posterazzi,posterazzi,"77 % avis positifs (5,643 notes)",5643,3.8628389154704945,55c0deb64e6a0874f22b3167,,,https://www.wish.com/c/5b7b6b5024e4aa6f0207953e,https://canary.contestimg.wish.com/api/webimage/5b7b6b5024e4aa6f0207953e-medium.jpg,5b7b6b5024e4aa6f0207953e
"Zoe Saldana aux arrivées pour le dépistage des prestations de prêcheur de mitrailleuses, Samuel Goldwyn Theatre à Ampas, Los Angeles, CA, 21 septembre 2011. Photo de Dee CerconeEverett Collection Celebrity","Zoe Saldana At Arrivals For Machine Gun Preacher Benefit Screening, Samuel Goldwyn Theater At Ampas, Los Angeles, Ca September 21, 2011. Photo By Dee CerconeEverett Collection Celebrity",21.0,EUR,21.0,EUR,25,0,,,5.0,0.0,,,,,,,,,,,,8x10,50,Livraison standard,7.0,false,,50,,,US,Posterazzi,posterazzi,"77 % avis positifs (5,643 notes)",5643,3.8628389154704945,55c0deb64e6a0874f22b3167,,,https://www.wish.com/c/590c737bff4b3e7b0c5ebadf,https://canary.contestimg.wish.com/api/webimage/590c737bff4b3e7b0c5ebadf-medium.jpg,590c737bff4b3e7b0c5ebadf
